{"cameraMode":{"drawMode":0,"name":"Shaded","section":"Shading Mode"},"sceneLighting":false,"audioPlay":false,"sceneViewState":{"m_AlwaysRefresh":false,"showFog":false,"showSkybox":false,"showFlares":false,"showImageEffects":false,"showParticleSystems":false,"showVisualEffectGraphs":true,"m_FxEnabled":true},"in2DMode":false,"pivot":{"x":-0.0007685422897338867,"y":0.9678897857666016,"z":-0.01812826842069626},"rotation":{"x":0.22915445268154145,"y":-0.29600223898887637,"z":0.07337849587202072,"w":0.9243863821029663},"size":1.2770246267318726,"orthographic":false}